State,Year,Fuel Type,Total Unit Sold,YoY Sales Decline (%),Total Sold Unit Each Year,Forecasted Market Share (%)
ANDHRA PRADESH,2020,CNG,400,0,968705,0.04
ANDHRA PRADESH,2021,CNG,1711,327.75,928971,0.18
ANDHRA PRADESH,2022,CNG,5933,246.76,827114,0.72
ANDHRA PRADESH,2023,CNG,11709,97.35,852699,1.37
ANDHRA PRADESH,2024,CNG,9703,-17.13,848395,1.14
ANDHRA PRADESH,2020,DIESEL,99416,0,968705,10.26
ANDHRA PRADESH,2021,DIESEL,104555,5.17,928971,11.25
ANDHRA PRADESH,2022,DIESEL,109741,4.96,827114,13.27
ANDHRA PRADESH,2023,DIESEL,123422,12.47,852699,14.47
ANDHRA PRADESH,2024,DIESEL,103963,-15.77,848395,12.25
ANDHRA PRADESH,2020,EV,1643,0,968705,0.17
ANDHRA PRADESH,2021,EV,9678,489.04,928971,1.04
ANDHRA PRADESH,2022,EV,29358,203.35,827114,3.55
ANDHRA PRADESH,2023,EV,32875,11.98,852699,3.86
ANDHRA PRADESH,2024,EV,41886,27.41,848395,4.94
ANDHRA PRADESH,2020,PETROL,867246,0,968705,89.53
ANDHRA PRADESH,2021,PETROL,813027,-6.25,928971,87.52
ANDHRA PRADESH,2022,PETROL,682082,-16.11,827114,82.47
ANDHRA PRADESH,2023,PETROL,684693,0.38,852699,80.3
ANDHRA PRADESH,2024,PETROL,692843,1.19,848395,81.67
ANDMAN NIKOBAR,2020,CNG,0,0,6205,0
ANDMAN NIKOBAR,2021,CNG,0,0,5723,0
ANDMAN NIKOBAR,2022,CNG,0,0,7033,0
ANDMAN NIKOBAR,2023,CNG,0,0,7720,0
ANDMAN NIKOBAR,2024,CNG,0,0,7888,0
ANDMAN NIKOBAR,2020,DIESEL,385,0,6205,6.2
ANDMAN NIKOBAR,2021,DIESEL,452,17.4,5723,7.9
ANDMAN NIKOBAR,2022,DIESEL,697,54.2,7033,9.91
ANDMAN NIKOBAR,2023,DIESEL,851,22.09,7720,11.02
ANDMAN NIKOBAR,2024,DIESEL,686,-19.39,7888,8.7
ANDMAN NIKOBAR,2020,EV,36,0,6205,0.58
ANDMAN NIKOBAR,2021,EV,92,155.56,5723,1.61
ANDMAN NIKOBAR,2022,EV,23,-75,7033,0.33
ANDMAN NIKOBAR,2023,EV,26,13.04,7720,0.34
ANDMAN NIKOBAR,2024,EV,46,76.92,7888,0.58
ANDMAN NIKOBAR,2020,PETROL,5784,0,6205,93.22
ANDMAN NIKOBAR,2021,PETROL,5179,-10.46,5723,90.49
ANDMAN NIKOBAR,2022,PETROL,6313,21.9,7033,89.76
ANDMAN NIKOBAR,2023,PETROL,6843,8.4,7720,88.64
ANDMAN NIKOBAR,2024,PETROL,7156,4.57,7888,90.72
ARUNACHAL PRADESH,2020,CNG,8,0,20789,0.04
ARUNACHAL PRADESH,2021,CNG,5,-37.5,23368,0.02
ARUNACHAL PRADESH,2022,CNG,3,-40,26414,0.01
ARUNACHAL PRADESH,2023,CNG,4,33.33,28318,0.01
ARUNACHAL PRADESH,2024,CNG,82,1950,32198,0.25
ARUNACHAL PRADESH,2020,DIESEL,4413,0,20789,21.23
ARUNACHAL PRADESH,2021,DIESEL,4934,11.81,23368,21.11
ARUNACHAL PRADESH,2022,DIESEL,6395,29.61,26414,24.21
ARUNACHAL PRADESH,2023,DIESEL,7589,18.67,28318,26.8
ARUNACHAL PRADESH,2024,DIESEL,8389,10.54,32198,26.05
ARUNACHAL PRADESH,2020,EV,4,0,20789,0.02
ARUNACHAL PRADESH,2021,EV,2,-50,23368,0.01
ARUNACHAL PRADESH,2022,EV,2,0,26414,0.01
ARUNACHAL PRADESH,2023,EV,21,950,28318,0.07
ARUNACHAL PRADESH,2024,EV,40,90.48,32198,0.12
ARUNACHAL PRADESH,2020,PETROL,16364,0,20789,78.71
ARUNACHAL PRADESH,2021,PETROL,18427,12.61,23368,78.86
ARUNACHAL PRADESH,2022,PETROL,20014,8.61,26414,75.77
ARUNACHAL PRADESH,2023,PETROL,20704,3.45,28318,73.11
ARUNACHAL PRADESH,2024,PETROL,23687,14.41,32198,73.57
ASSAM,2020,CNG,2,0,401340,0
ASSAM,2021,CNG,3,50,454582,0
ASSAM,2022,CNG,63,2000,511928,0.01
ASSAM,2023,CNG,501,695.24,620611,0.08
ASSAM,2024,CNG,1077,114.97,579306,0.19
ASSAM,2020,DIESEL,42370,0,401340,10.56
ASSAM,2021,DIESEL,35419,-16.41,454582,7.79
ASSAM,2022,DIESEL,41148,16.17,511928,8.04
ASSAM,2023,DIESEL,44216,7.46,620611,7.12
ASSAM,2024,DIESEL,40038,-9.45,579306,6.91
ASSAM,2020,EV,8357,0,401340,2.08
ASSAM,2021,EV,15632,87.05,454582,3.44
ASSAM,2022,EV,40700,160.36,511928,7.95
ASSAM,2023,EV,60793,49.37,620611,9.8
ASSAM,2024,EV,62329,2.53,579306,10.76
ASSAM,2020,PETROL,350611,0,401340,87.36
ASSAM,2021,PETROL,403528,15.09,454582,88.77
ASSAM,2022,PETROL,430017,6.56,511928,84
ASSAM,2023,PETROL,515101,19.79,620611,83
ASSAM,2024,PETROL,475862,-7.62,579306,82.14
BIHAR,2020,CNG,1001,0,1021659,0.1
BIHAR,2021,CNG,7247,623.98,995054,0.73
BIHAR,2022,CNG,18685,157.83,1111715,1.68
BIHAR,2023,CNG,27820,48.89,1252082,2.22
BIHAR,2024,CNG,28182,1.3,1325609,2.13
BIHAR,2020,DIESEL,120924,0,1021659,11.84
BIHAR,2021,DIESEL,85323,-29.44,995054,8.57
BIHAR,2022,DIESEL,87436,2.48,1111715,7.86
BIHAR,2023,DIESEL,84124,-3.79,1252082,6.72
BIHAR,2024,DIESEL,81457,-3.17,1325609,6.14
BIHAR,2020,EV,12447,0,1021659,1.22
BIHAR,2021,EV,23085,85.47,995054,2.32
BIHAR,2022,EV,55753,141.51,1111715,5.02
BIHAR,2023,EV,88221,58.24,1252082,7.05
BIHAR,2024,EV,97518,10.54,1325609,7.36
BIHAR,2020,PETROL,887287,0,1021659,86.85
BIHAR,2021,PETROL,879399,-0.89,995054,88.38
BIHAR,2022,PETROL,949841,8.01,1111715,85.44
BIHAR,2023,PETROL,1051917,10.75,1252082,84.01
BIHAR,2024,PETROL,1118452,6.33,1325609,84.37
CHANDIGARH,2020,CNG,49,0,29730,0.16
CHANDIGARH,2021,CNG,177,261.22,37064,0.48
CHANDIGARH,2022,CNG,257,45.2,48351,0.53
CHANDIGARH,2023,CNG,121,-52.92,48645,0.25
CHANDIGARH,2024,CNG,110,-9.09,40957,0.27
CHANDIGARH,2020,DIESEL,4904,0,29730,16.5
CHANDIGARH,2021,DIESEL,7253,47.9,37064,19.57
CHANDIGARH,2022,DIESEL,9094,25.38,48351,18.81
CHANDIGARH,2023,DIESEL,7625,-16.15,48645,15.67
CHANDIGARH,2024,DIESEL,5303,-30.45,40957,12.95
CHANDIGARH,2020,EV,369,0,29730,1.24
CHANDIGARH,2021,EV,733,98.64,37064,1.98
CHANDIGARH,2022,EV,2718,270.8,48351,5.62
CHANDIGARH,2023,EV,6415,136.02,48645,13.19
CHANDIGARH,2024,EV,5234,-18.41,40957,12.78
CHANDIGARH,2020,PETROL,24408,0,29730,82.1
CHANDIGARH,2021,PETROL,28901,18.41,37064,77.98
CHANDIGARH,2022,PETROL,36282,25.54,48351,75.04
CHANDIGARH,2023,PETROL,34484,-4.96,48645,70.89
CHANDIGARH,2024,PETROL,30310,-12.1,40957,74
CHHATTISGARH,2020,CNG,0,0,472123,0
CHHATTISGARH,2021,CNG,1,0,445618,0
CHHATTISGARH,2022,CNG,6,500,489615,0
CHHATTISGARH,2023,CNG,1,-83.33,547012,0
CHHATTISGARH,2024,CNG,41,4000,671264,0.01
CHHATTISGARH,2020,DIESEL,50205,0,472123,10.63
CHHATTISGARH,2021,DIESEL,52894,5.36,445618,11.87
CHHATTISGARH,2022,DIESEL,66213,25.18,489615,13.52
CHHATTISGARH,2023,DIESEL,74502,12.52,547012,13.62
CHHATTISGARH,2024,DIESEL,88225,18.42,671264,13.14
CHHATTISGARH,2020,EV,1489,0,472123,0.32
CHHATTISGARH,2021,EV,4216,183.14,445618,0.95
CHHATTISGARH,2022,EV,22363,430.43,489615,4.57
CHHATTISGARH,2023,EV,38244,71.01,547012,6.99
CHHATTISGARH,2024,EV,33147,-13.33,671264,4.94
CHHATTISGARH,2020,PETROL,420429,0,472123,89.05
CHHATTISGARH,2021,PETROL,388507,-7.59,445618,87.18
CHHATTISGARH,2022,PETROL,401033,3.22,489615,81.91
CHHATTISGARH,2023,PETROL,434265,8.29,547012,79.39
CHHATTISGARH,2024,PETROL,549851,26.62,671264,81.91
DELHI,2020,CNG,13888,0,394177,3.52
DELHI,2021,CNG,25415,83,425380,5.97
DELHI,2022,CNG,33747,32.78,559919,6.03
DELHI,2023,CNG,26855,-20.42,588143,4.57
DELHI,2024,CNG,24741,-7.87,618599,4
DELHI,2020,DIESEL,10335,0,394177,2.62
DELHI,2021,DIESEL,12040,16.5,425380,2.83
DELHI,2022,DIESEL,15608,29.63,559919,2.79
DELHI,2023,DIESEL,12597,-19.29,588143,2.14
DELHI,2024,DIESEL,12286,-2.47,618599,1.99
DELHI,2020,EV,12377,0,394177,3.14
DELHI,2021,EV,25811,108.54,425380,6.07
DELHI,2022,EV,62250,141.18,559919,11.12
DELHI,2023,EV,73677,18.36,588143,12.53
DELHI,2024,EV,67872,-7.88,618599,10.97
DELHI,2020,PETROL,357577,0,394177,90.71
DELHI,2021,PETROL,362114,1.27,425380,85.13
DELHI,2022,PETROL,448314,23.8,559919,80.07
DELHI,2023,PETROL,475014,5.96,588143,80.77
DELHI,2024,PETROL,513700,8.14,618599,83.04
GOA,2020,CNG,38,0,41603,0.09
GOA,2021,CNG,159,318.42,49879,0.32
GOA,2022,CNG,222,39.62,68785,0.32
GOA,2023,CNG,155,-30.18,70842,0.22
GOA,2024,CNG,221,42.58,67536,0.33
GOA,2020,DIESEL,2138,0,41603,5.14
GOA,2021,DIESEL,2982,39.48,49879,5.98
GOA,2022,DIESEL,4237,42.09,68785,6.16
GOA,2023,DIESEL,4823,13.83,70842,6.81
GOA,2024,DIESEL,5330,10.51,67536,7.89
GOA,2020,EV,82,0,41603,0.2
GOA,2021,EV,1095,1235.37,49879,2.2
GOA,2022,EV,5683,419,68785,8.26
GOA,2023,EV,9481,66.83,70842,13.38
GOA,2024,EV,9026,-4.8,67536,13.36
GOA,2020,PETROL,39345,0,41603,94.57
GOA,2021,PETROL,45643,16.01,49879,91.51
GOA,2022,PETROL,58643,28.48,68785,85.26
GOA,2023,PETROL,56383,-3.85,70842,79.59
GOA,2024,PETROL,52959,-6.07,67536,78.42
GUJRAT,2020,CNG,5275,0,1059065,0.5
GUJRAT,2021,CNG,31604,499.13,1193002,2.65
GUJRAT,2022,CNG,50093,58.5,1474919,3.4
GUJRAT,2023,CNG,76371,52.46,1672062,4.57
GUJRAT,2024,CNG,88898,16.4,1695359,5.24
GUJRAT,2020,DIESEL,145094,0,1059065,13.7
GUJRAT,2021,DIESEL,159822,10.15,1193002,13.4
GUJRAT,2022,DIESEL,186915,16.95,1474919,12.67
GUJRAT,2023,DIESEL,243466,30.25,1672062,14.56
GUJRAT,2024,DIESEL,250935,3.07,1695359,14.8
GUJRAT,2020,EV,1123,0,1059065,0.11
GUJRAT,2021,EV,9763,769.37,1193002,0.82
GUJRAT,2022,EV,68995,606.7,1474919,4.68
GUJRAT,2023,EV,88613,28.43,1672062,5.3
GUJRAT,2024,EV,50010,-43.56,1695359,2.95
GUJRAT,2020,PETROL,907573,0,1059065,85.7
GUJRAT,2021,PETROL,991813,9.28,1193002,83.14
GUJRAT,2022,PETROL,1168916,17.86,1474919,79.25
GUJRAT,2023,PETROL,1263612,8.1,1672062,75.57
GUJRAT,2024,PETROL,1305516,3.32,1695359,77.01
HARYANA,2020,CNG,4456,0,568527,0.78
HARYANA,2021,CNG,17327,288.85,591523,2.93
HARYANA,2022,CNG,26385,52.28,684185,3.86
HARYANA,2023,CNG,28385,7.58,747958,3.79
HARYANA,2024,CNG,31900,12.38,869126,3.67
HARYANA,2020,DIESEL,93916,0,568527,16.52
HARYANA,2021,DIESEL,104503,11.27,591523,17.67
HARYANA,2022,DIESEL,124196,18.84,684185,18.15
HARYANA,2023,DIESEL,137045,10.35,747958,18.32
HARYANA,2024,DIESEL,143014,4.36,869126,16.45
HARYANA,2020,EV,2981,0,568527,0.52
HARYANA,2021,EV,8659,190.47,591523,1.46
HARYANA,2022,EV,25862,198.67,684185,3.78
HARYANA,2023,EV,30497,17.92,747958,4.08
HARYANA,2024,EV,31293,2.61,869126,3.6
HARYANA,2020,PETROL,467174,0,568527,82.17
HARYANA,2021,PETROL,461034,-1.31,591523,77.94
HARYANA,2022,PETROL,507742,10.13,684185,74.21
HARYANA,2023,PETROL,552031,8.72,747958,73.81
HARYANA,2024,PETROL,662919,20.09,869126,76.27
HIMACHAL PRADESH,2020,CNG,5,0,132786,0
HIMACHAL PRADESH,2021,CNG,78,1460,114022,0.07
HIMACHAL PRADESH,2022,CNG,118,51.28,117292,0.1
HIMACHAL PRADESH,2023,CNG,56,-52.54,121969,0.05
HIMACHAL PRADESH,2024,CNG,71,26.79,139373,0.05
HIMACHAL PRADESH,2020,DIESEL,18710,0,132786,14.09
HIMACHAL PRADESH,2021,DIESEL,14799,-20.9,114022,12.98
HIMACHAL PRADESH,2022,DIESEL,17016,14.98,117292,14.51
HIMACHAL PRADESH,2023,DIESEL,18190,6.9,121969,14.91
HIMACHAL PRADESH,2024,DIESEL,21158,16.32,139373,15.18
HIMACHAL PRADESH,2020,EV,181,0,132786,0.14
HIMACHAL PRADESH,2021,EV,327,80.66,114022,0.29
HIMACHAL PRADESH,2022,EV,1011,209.17,117292,0.86
HIMACHAL PRADESH,2023,EV,1131,11.87,121969,0.93
HIMACHAL PRADESH,2024,EV,1354,19.72,139373,0.97
HIMACHAL PRADESH,2020,PETROL,113890,0,132786,85.77
HIMACHAL PRADESH,2021,PETROL,98818,-13.23,114022,86.67
HIMACHAL PRADESH,2022,PETROL,99147,0.33,117292,84.53
HIMACHAL PRADESH,2023,PETROL,102592,3.47,121969,84.11
HIMACHAL PRADESH,2024,PETROL,116790,13.84,139373,83.8
JAMMU & KASHMIR,2020,CNG,0,0,183827,0
JAMMU & KASHMIR,2021,CNG,0,0,156651,0
JAMMU & KASHMIR,2022,CNG,0,0,161275,0
JAMMU & KASHMIR,2023,CNG,0,0,166878,0
JAMMU & KASHMIR,2024,CNG,2,0,170457,0
JAMMU & KASHMIR,2020,DIESEL,19611,0,183827,10.67
JAMMU & KASHMIR,2021,DIESEL,22152,12.96,156651,14.14
JAMMU & KASHMIR,2022,DIESEL,23709,7.03,161275,14.7
JAMMU & KASHMIR,2023,DIESEL,23490,-0.92,166878,14.08
JAMMU & KASHMIR,2024,DIESEL,25971,10.56,170457,15.24
JAMMU & KASHMIR,2020,EV,74,0,183827,0.04
JAMMU & KASHMIR,2021,EV,1146,1448.65,156651,0.73
JAMMU & KASHMIR,2022,EV,4690,309.25,161275,2.91
JAMMU & KASHMIR,2023,EV,9747,107.83,166878,5.84
JAMMU & KASHMIR,2024,EV,11639,19.41,170457,6.83
JAMMU & KASHMIR,2020,PETROL,164142,0,183827,89.29
JAMMU & KASHMIR,2021,PETROL,133353,-18.76,156651,85.13
JAMMU & KASHMIR,2022,PETROL,132876,-0.36,161275,82.39
JAMMU & KASHMIR,2023,PETROL,133641,0.58,166878,80.08
JAMMU & KASHMIR,2024,PETROL,132845,-0.6,170457,77.93
JHARKHAND,2020,CNG,220,0,477291,0.05
JHARKHAND,2021,CNG,1738,690,465643,0.37
JHARKHAND,2022,CNG,4379,151.96,484793,0.9
JHARKHAND,2023,CNG,5214,19.07,529932,0.98
JHARKHAND,2024,CNG,5618,7.75,550068,1.02
JHARKHAND,2020,DIESEL,46715,0,477291,9.79
JHARKHAND,2021,DIESEL,37501,-19.72,465643,8.05
JHARKHAND,2022,DIESEL,37610,0.29,484793,7.76
JHARKHAND,2023,DIESEL,44288,17.76,529932,8.36
JHARKHAND,2024,DIESEL,48124,8.66,550068,8.75
JHARKHAND,2020,EV,1516,0,477291,0.32
JHARKHAND,2021,EV,3741,146.77,465643,0.8
JHARKHAND,2022,EV,13680,265.68,484793,2.82
JHARKHAND,2023,EV,21128,54.44,529932,3.99
JHARKHAND,2024,EV,20912,-1.02,550068,3.8
JHARKHAND,2020,PETROL,428840,0,477291,89.85
JHARKHAND,2021,PETROL,422663,-1.44,465643,90.77
JHARKHAND,2022,PETROL,429124,1.53,484793,88.52
JHARKHAND,2023,PETROL,459302,7.03,529932,86.67
JHARKHAND,2024,PETROL,475414,3.51,550068,86.43
KARNATAKA,2020,CNG,336,0,1165908,0.03
KARNATAKA,2021,CNG,3484,936.9,1135099,0.31
KARNATAKA,2022,CNG,16779,381.6,1475186,1.14
KARNATAKA,2023,CNG,40997,144.34,1641123,2.5
KARNATAKA,2024,CNG,55947,36.47,2905713,1.93
KARNATAKA,2020,DIESEL,140390,0,1165908,12.04
KARNATAKA,2021,DIESEL,139103,-0.92,1135099,12.25
KARNATAKA,2022,DIESEL,187670,34.91,1475186,12.72
KARNATAKA,2023,DIESEL,194412,3.59,1641123,11.85
KARNATAKA,2024,DIESEL,193756,-0.34,2905713,6.67
KARNATAKA,2020,EV,9687,0,1165908,0.83
KARNATAKA,2021,EV,33296,243.72,1135099,2.93
KARNATAKA,2022,EV,95849,187.87,1475186,6.5
KARNATAKA,2023,EV,152663,59.27,1641123,9.3
KARNATAKA,2024,EV,1328005,769.89,2905713,45.7
KARNATAKA,2020,PETROL,1015495,0,1165908,87.1
KARNATAKA,2021,PETROL,959216,-5.54,1135099,84.51
KARNATAKA,2022,PETROL,1174888,22.48,1475186,79.64
KARNATAKA,2023,PETROL,1253051,6.65,1641123,76.35
KARNATAKA,2024,PETROL,1328005,5.98,2905713,45.7
KERALA,2020,CNG,100,0,632572,0.02
KERALA,2021,CNG,2801,2701,753199,0.37
KERALA,2022,CNG,9849,251.62,867037,1.14
KERALA,2023,CNG,17177,74.4,705208,2.44
KERALA,2024,CNG,13814,-19.58,673619,2.05
KERALA,2020,DIESEL,50024,0,632572,7.91
KERALA,2021,DIESEL,53277,6.5,753199,7.07
KERALA,2022,DIESEL,155967,192.75,867037,17.99
KERALA,2023,DIESEL,56256,-63.93,705208,7.98
KERALA,2024,DIESEL,56490,0.42,673619,8.39
KERALA,2020,EV,1374,0,632572,0.22
KERALA,2021,EV,8736,535.81,753199,1.16
KERALA,2022,EV,39624,353.57,867037,4.57
KERALA,2023,EV,75808,91.32,705208,10.75
KERALA,2024,EV,60337,-20.41,673619,8.96
KERALA,2020,PETROL,581074,0,632572,91.86
KERALA,2021,PETROL,688385,18.47,753199,91.39
KERALA,2022,PETROL,661597,-3.89,867037,76.31
KERALA,2023,PETROL,555967,-15.97,705208,78.84
KERALA,2024,PETROL,542978,-2.34,673619,80.61
LADAKH,2020,CNG,0,0,2405,0
LADAKH,2021,CNG,0,0,3702,0
LADAKH,2022,CNG,0,0,5860,0
LADAKH,2023,CNG,0,0,4885,0
LADAKH,2024,CNG,0,0,5027,0
LADAKH,2020,DIESEL,583,0,2405,24.24
LADAKH,2021,DIESEL,1024,75.64,3702,27.66
LADAKH,2022,DIESEL,1678,63.87,5860,28.63
LADAKH,2023,DIESEL,2215,32,4885,45.34
LADAKH,2024,DIESEL,2064,-6.82,5027,41.06
LADAKH,2020,EV,0,0,2405,0
LADAKH,2021,EV,6,0,3702,0.16
LADAKH,2022,EV,40,566.67,5860,0.68
LADAKH,2023,EV,28,-30,4885,0.57
LADAKH,2024,EV,18,-35.71,5027,0.36
LADAKH,2020,PETROL,1822,0,2405,75.76
LADAKH,2021,PETROL,2672,46.65,3702,72.18
LADAKH,2022,PETROL,4142,55.01,5860,70.68
LADAKH,2023,PETROL,2642,-36.21,4885,54.08
LADAKH,2024,PETROL,2945,11.47,5027,58.58
LAKSHADWEEP,2020,CNG,0,0,562,0
LAKSHADWEEP,2021,CNG,0,0,712,0
LAKSHADWEEP,2022,CNG,0,0,346,0
LAKSHADWEEP,2023,CNG,0,0,354,0
LAKSHADWEEP,2024,CNG,0,0,297,0
LAKSHADWEEP,2020,DIESEL,31,0,562,5.52
LAKSHADWEEP,2021,DIESEL,31,0,712,4.35
LAKSHADWEEP,2022,DIESEL,29,-6.45,346,8.38
LAKSHADWEEP,2023,DIESEL,11,-62.07,354,3.11
LAKSHADWEEP,2024,DIESEL,12,9.09,297,4.04
LAKSHADWEEP,2020,EV,6,0,562,1.07
LAKSHADWEEP,2021,EV,4,-33.33,712,0.56
LAKSHADWEEP,2022,EV,1,-75,346,0.29
LAKSHADWEEP,2023,EV,6,500,354,1.69
LAKSHADWEEP,2024,EV ,5,-16.67,297,1.68
LAKSHADWEEP,2020,PETROL,525,0,562,93.42
LAKSHADWEEP,2021,PETROL,677,28.95,712,95.08
LAKSHADWEEP,2022,PETROL,316,-53.32,346,91.33
LAKSHADWEEP,2023,PETROL,337,6.65,354,95.2
LAKSHADWEEP,2024,PETROL,280,-16.91,297,94.28
MADHYA PRADESH,2020,CNG,1132,0,1248315,0.09
MADHYA PRADESH,2021,CNG,899,-20.58,1129261,0.08
MADHYA PRADESH,2022,CNG,1775,97.44,1332486,0.13
MADHYA PRADESH,2023,CNG,10416,486.82,1457846,0.71
MADHYA PRADESH,2024,CNG,14810,42.19,1571094,0.94
MADHYA PRADESH,2020,DIESEL,168934,0,1248315,13.53
MADHYA PRADESH,2021,DIESEL,152632,-9.65,1129261,13.52
MADHYA PRADESH,2022,DIESEL,177160,16.07,1332486,13.3
MADHYA PRADESH,2023,DIESEL,200473,13.16,1457846,13.75
MADHYA PRADESH,2024,DIESEL,207376,3.44,1571094,13.2
MADHYA PRADESH,2020,EV,3361,0,1248315,0.27
MADHYA PRADESH,2021,EV,10442,210.68,1129261,0.92
MADHYA PRADESH,2022,EV,36813,252.55,1332486,2.76
MADHYA PRADESH,2023,EV,67976,84.65,1457846,4.66
MADHYA PRADESH,2024,EV,63642,-6.38,1571094,4.05
MADHYA PRADESH,2020,PETROL,1074888,0,1248315,86.11
MADHYA PRADESH,2021,PETROL,965288,-10.2,1129261,85.48
MADHYA PRADESH,2022,PETROL,1116738,15.69,1332486,83.81
MADHYA PRADESH,2023,PETROL,1178981,5.57,1457846,80.87
MADHYA PRADESH,2024,PETROL,1285266,9.01,1571094,81.81
MAHARASHTRA,2020,CNG,8087,0,1679088,0.48
MAHARASHTRA,2021,CNG,31557,290.22,1813009,1.74
MAHARASHTRA,2022,CNG,48860,54.83,2221455,2.2
MAHARASHTRA,2023,CNG,62990,28.92,2344587,2.69
MAHARASHTRA,2024,CNG,80400,27.64,2514932,3.2
MAHARASHTRA,2020,DIESEL,220098,0,1679088,13.11
MAHARASHTRA,2021,DIESEL,243547,10.65,1813009,13.43
MAHARASHTRA,2022,DIESEL,296187,21.61,2221455,13.33
MAHARASHTRA,2023,DIESEL,299164,1.01,2344587,12.76
MAHARASHTRA,2024,DIESEL,313584,4.82,2514932,12.47
MAHARASHTRA,2020,EV,7130,0,1679088,0.42
MAHARASHTRA,2021,EV,29912,319.52,1813009,1.65
MAHARASHTRA,2022,EV,136026,354.75,2221455,6.12
MAHARASHTRA,2023,EV,194325,42.86,2344587,8.29
MAHARASHTRA,2024,EV,155094,-20.19,2514932,6.17
MAHARASHTRA,2020,PETROL,1443773,0,1679088,85.99
MAHARASHTRA,2021,PETROL,1507993,4.45,1813009,83.18
MAHARASHTRA,2022,PETROL,1740382,15.41,2221455,78.34
MAHARASHTRA,2023,PETROL,1788108,2.74,2344587,76.27
MAHARASHTRA,2024,PETROL,1965854,9.94,2514932,78.17
MANIPUR,2020,CNG,0,0,15862,0
MANIPUR,2021,CNG,0,0,35671,0
MANIPUR,2022,CNG,0,0,53528,0
MANIPUR,2023,CNG,0,0,26001,0
MANIPUR,2024,CNG,0,0,26962,0
MANIPUR,2020,DIESEL,2081,0,15862,13.12
MANIPUR,2021,DIESEL,3070,47.53,35671,8.61
MANIPUR,2022,DIESEL,2082,-32.18,53528,3.89
MANIPUR,2023,DIESEL,2082,0,26001,8.01
MANIPUR,2024,DIESEL,1208,-41.98,26962,4.48
MANIPUR,2020,EV,104,0,15862,0.66
MANIPUR,2021,EV,114,9.62,35671,0.32
MANIPUR,2022,EV,399,250,53528,0.75
MANIPUR,2023,EV,399,0,26001,1.53
MANIPUR,2024,EV,406,1.75,26962,1.51
MANIPUR,2020,PETROL,13677,0,15862,86.22
MANIPUR,2021,PETROL,32487,137.53,35671,91.07
MANIPUR,2022,PETROL,51047,57.13,53528,95.37
MANIPUR,2023,PETROL,23520,-53.92,26001,90.46
MANIPUR,2024,PETROL,25348,7.77,26962,94.01
MEGHALAYA,2020,CNG,0,0,23308,0
MEGHALAYA,2021,CNG,0,0,25714,0
MEGHALAYA,2022,CNG,0,0,35367,0
MEGHALAYA,2023,CNG,0,0,35001,0
MEGHALAYA,2020,DIESEL,3908,0,23308,16.77
MEGHALAYA,2021,DIESEL,4036,3.28,25714,15.7
MEGHALAYA,2022,DIESEL,6352,57.38,35367,17.96
MEGHALAYA,2023,DIESEL,5984,-5.79,35001,17.1
MEGHALAYA,2024,DIESEL,5875,-1.82,35237,16.67
MEGHALAYA,2020,EV,3,0,23308,0.01
MEGHALAYA,2021,EV,5,66.67,25714,0.02
MEGHALAYA,2022,EV,41,720,35367,0.12
MEGHALAYA,2023,EV,115,180.49,35001,0.33
MEGHALAYA,2024,EV,781,579.13,35237,2.22
MEGHALAYA,2020,PETROL,19397,0,23308,83.22
MEGHALAYA,2021,PETROL,21673,11.73,25714,84.28
MEGHALAYA,2022,PETROL,28974,33.69,35367,81.92
MEGHALAYA,2023,PETROL,28902,-0.25,35001,82.57
MEGHALAYA,2024,PETROL,28581,-1.11,35237,81.11
MEGHALAYA,2024,CNG,0,-100,35237,0
MIZORAM,2020,CNG,0,0,23361,0
MIZORAM,2021,CNG,0,0,25184,0
MIZORAM,2022,CNG,0,0,26144,0
MIZORAM,2023,CNG,4,0,26142,0.02
MIZORAM,2024,CNG,4,0,26094,0.02
MIZORAM,2020,DIESEL,2677,0,23361,11.46
MIZORAM,2021,DIESEL,3175,18.6,25184,12.61
MIZORAM,2022,DIESEL,3091,-2.65,26144,11.82
MIZORAM,2023,DIESEL,2954,-4.43,26142,11.3
MIZORAM,2024,DIESEL,2814,-4.74,26094,10.78
MIZORAM,2020,EV,1,0,23361,0
MIZORAM,2021,EV,1,0,25184,0
MIZORAM,2022,EV,36,3500,26144,0.14
MIZORAM,2023,EV,167,363.89,26142,0.64
MIZORAM,2024,EV,512,206.59,26094,1.96
MIZORAM,2020,PETROL,20683,0,23361,88.54
MIZORAM,2021,PETROL,22008,6.41,25184,87.39
MIZORAM,2022,PETROL,23017,4.58,26144,88.04
MIZORAM,2023,PETROL,23017,0,26142,88.05
MIZORAM,2024,PETROL,22764,-1.1,26094,87.24
NAGALAND,2020,CNG,4,0,16147,0.02
NAGALAND,2021,CNG,12,200,21771,0.06
NAGALAND,2022,CNG,26,116.67,25458,0.1
NAGALAND,2023,CNG,16,-38.46,25252,0.06
NAGALAND,2024,CNG,27,68.75,26196,0.1
NAGALAND,2020,DIESEL,6651,0,16147,41.19
NAGALAND,2021,DIESEL,9533,43.33,21771,43.79
NAGALAND,2022,DIESEL,12754,33.79,25458,50.1
NAGALAND,2023,DIESEL,12754,0,25252,50.51
NAGALAND,2024,DIESEL,14600,14.47,26196,55.73
NAGALAND,2020,EV,11,0,16147,0.07
NAGALAND,2021,EV,2,-81.82,21771,0.01
NAGALAND,2022,EV,6,200,25458,0.02
NAGALAND,2023,EV,6,0,25252,0.02
NAGALAND,2024,EV,9,50,26196,0.03
NAGALAND,2024,EV,9,0,26196,0.03
NAGALAND,2020,PETROL,9481,0,16147,58.72
NAGALAND,2021,PETROL,12224,28.93,21771,56.15
NAGALAND,2022,PETROL,12672,3.66,25458,49.78
NAGALAND,2023,PETROL,12476,-1.55,25252,49.41
NAGALAND,2024,PETROL,11551,-7.41,26196,44.09
ODISHA,2020,CNG,52,0,592386,0.01
ODISHA,2021,CNG,239,359.62,528797,0.05
ODISHA,2022,CNG,999,317.99,622942,0.16
ODISHA,2023,CNG,1890,89.19,710068,0.27
ODISHA,2024,CNG,2626,38.94,751039,0.35
ODISHA,2020,DIESEL,60226,0,592386,10.17
ODISHA,2021,DIESEL,56667,-5.91,528797,10.72
ODISHA,2022,DIESEL,61845,9.14,622942,9.93
ODISHA,2023,DIESEL,79267,28.17,710068,11.16
ODISHA,2024,DIESEL,87077,9.85,751039,11.59
ODISHA,2020,EV,903,0,592386,0.15
ODISHA,2021,EV,5626,523.03,528797,1.06
ODISHA,2022,EV,28477,406.17,622942,4.57
ODISHA,2023,EV,44547,56.43,710068,6.27
ODISHA,2024,EV,46827,5.12,751039,6.23
ODISHA,2020,PETROL,531205,0,592386,89.67
ODISHA,2021,PETROL,466265,-12.23,528797,88.17
ODISHA,2022,PETROL,531621,14.02,622942,85.34
ODISHA,2023,PETROL,584364,9.92,710068,82.3
ODISHA,2024,PETROL,614509,5.16,751039,81.82
PUDUCHERRY,2020,CNG,0,0,41717,0
PUDUCHERRY,2021,CNG,12,0,44529,0.03
PUDUCHERRY,2022,CNG,16,33.33,49534,0.03
PUDUCHERRY,2023,CNG,37,131.25,51506,0.07
PUDUCHERRY,2024,CNG,60,62.16,57862,0.1
PUDUCHERRY,2020,DIESEL,2115,0,41717,5.07
PUDUCHERRY,2021,DIESEL,2199,3.97,44529,4.94
PUDUCHERRY,2022,DIESEL,2831,28.74,49534,5.72
PUDUCHERRY,2023,DIESEL,3189,12.65,51506,6.19
PUDUCHERRY,2024,DIESEL,3880,21.67,57862,6.71
PUDUCHERRY,2020,EV,89,0,41717,0.21
PUDUCHERRY,2021,EV,405,355.06,44529,0.91
PUDUCHERRY,2022,EV,1481,265.68,49534,2.99
PUDUCHERRY,2023,EV,2638,78.12,51506,5.12
PUDUCHERRY,2024,EV,3195,21.11,57862,5.52
PUDUCHERRY,2020,PETROL,39513,0,41717,94.72
PUDUCHERRY,2021,PETROL,41913,6.07,44529,94.13
PUDUCHERRY,2022,PETROL,45206,7.86,49534,91.26
PUDUCHERRY,2023,PETROL,45642,0.96,51506,88.61
PUDUCHERRY,2024,PETROL,50727,11.14,57862,87.67
PUNJAB,2020,CNG,341,0,508575,0.07
PUNJAB,2021,CNG,3320,873.61,509288,0.65
PUNJAB,2022,CNG,4211,26.84,540683,0.78
PUNJAB,2023,CNG,4419,4.94,618258,0.71
PUNJAB,2024,CNG,4108,-7.04,664446,0.62
PUNJAB,2020,DIESEL,71967,0,508575,14.15
PUNJAB,2021,DIESEL,77251,7.34,509288,15.17
PUNJAB,2022,DIESEL,81037,4.9,540683,14.99
PUNJAB,2023,DIESEL,89460,10.39,618258,14.47
PUNJAB,2024,DIESEL,100479,12.32,664446,15.12
PUNJAB,2020,EV,832,0,508575,0.16
PUNJAB,2021,EV,4647,458.53,509288,0.91
PUNJAB,2022,EV,14057,202.5,540683,2.6
PUNJAB,2023,EV,25746,83.15,618258,4.16
PUNJAB,2024,EV,32218,25.14,664446,4.85
PUNJAB,2020,PETROL,435435,0,508575,85.62
PUNJAB,2021,PETROL,424070,-2.61,509288,83.27
PUNJAB,2022,PETROL,441378,4.08,540683,81.63
PUNJAB,2023,PETROL,498633,12.97,618258,80.65
PUNJAB,2024,PETROL,527641,5.82,664446,79.41
RAJSHTAN,2020,CNG,367,0,1090448,0.03
RAJSHTAN,2021,CNG,4570,1145.23,1043197,0.44
RAJSHTAN,2022,CNG,10597,131.88,1254486,0.84
RAJSHTAN,2023,CNG,14051,32.59,1471453,0.95
RAJSHTAN,2024,CNG,19278,37.2,1548949,1.24
RAJSHTAN,2020,DIESEL,165064,0,1090448,15.14
RAJSHTAN,2021,DIESEL,166043,0.59,1043197,15.92
RAJSHTAN,2022,DIESEL,206546,24.39,1254486,16.46
RAJSHTAN,2023,DIESEL,245671,18.94,1471453,16.7
RAJSHTAN,2024,DIESEL,250731,2.06,1548949,16.19
RAJSHTAN,2020,EV,5605,0,1090448,0.51
RAJSHTAN,2021,EV,23462,318.59,1043197,2.25
RAJSHTAN,2022,EV,78244,233.49,1254486,6.24
RAJSHTAN,2023,EV,93771,19.84,1471453,6.37
RAJSHTAN,2024,EV,73860,-21.23,1548949,4.77
RAJSHTAN,2020,PETROL,919412,0,1090448,84.32
RAJSHTAN,2021,PETROL,849122,-7.65,1043197,81.4
RAJSHTAN,2022,PETROL,959099,12.95,1254486,76.45
RAJSHTAN,2023,PETROL,1117960,16.56,1471453,75.98
RAJSHTAN,2024,PETROL,1205080,7.79,1548949,77.8
SIKKIM,2020,CNG,0,0,9444,0
SIKKIM,2021,CNG,0,0,10015,0
SIKKIM,2022,CNG,0,0,10541,0
SIKKIM,2023,CNG,0,0,10582,0
SIKKIM,2024,CNG,0,0,11053,0
SIKKIM,2020,DIESEL,1341,0,9444,14.2
SIKKIM,2021,DIESEL,1912,42.58,10015,19.09
SIKKIM,2022,DIESEL,2270,18.72,10541,21.53
SIKKIM,2023,DIESEL,1912,-15.77,10582,18.07
SIKKIM,2024,DIESEL,2259,18.15,11053,20.44
SIKKIM,2020,EV,0,0,9444,0
SIKKIM,2021,EV,0,0,10015,0
SIKKIM,2022,EV,0,0,10541,0
SIKKIM,2023,EV,0,0,10582,0
SIKKIM,2024,EV,7,0,11053,0.06
SIKKIM,2020,PETROL,8103,0,9444,85.8
SIKKIM,2021,PETROL,8103,0,10015,80.91
SIKKIM,2022,PETROL,8271,2.07,10541,78.47
SIKKIM,2023,PETROL,8670,4.82,10582,81.93
SIKKIM,2024,PETROL,8787,1.35,11053,79.5
TAMIL NADU,2020,CNG,16,0,1471419,0
TAMIL NADU,2021,CNG,1449,8956.25,1494176,0.1
TAMIL NADU,2022,CNG,12173,740.1,1672693,0.73
TAMIL NADU,2023,CNG,28047,130.4,1721546,1.63
TAMIL NADU,2024,CNG,35881,27.93,1705991,2.1
TAMIL NADU,2020,DIESEL,124088,0,1471419,8.43
TAMIL NADU,2021,DIESEL,124214,0.1,1494176,8.31
TAMIL NADU,2022,DIESEL,151306,21.81,1672693,9.05
TAMIL NADU,2023,DIESEL,160843,6.3,1721546,9.34
TAMIL NADU,2024,DIESEL,155110,-3.56,1705991,9.09
TAMIL NADU,2020,EV,5697,0,1471419,0.39
TAMIL NADU,2021,EV,30670,438.35,1494176,2.05
TAMIL NADU,2022,EV,66992,118.43,1672693,4.01
TAMIL NADU,2023,EV,90307,34.8,1721546,5.25
TAMIL NADU,2024,EV,97221,7.66,1705991,5.7
TAMIL NADU,2020,PETROL,1341618,0,1471419,91.18
TAMIL NADU,2021,PETROL,1337843,-0.28,1494176,89.54
TAMIL NADU,2022,PETROL,1442222,7.8,1672693,86.22
TAMIL NADU,2023,PETROL,1442349,0.01,1721546,83.78
TAMIL NADU,2024,PETROL,1417779,-1.7,1705991,83.11
TRIPURA,2020,CNG,1078,0,11521,9.36
TRIPURA,2021,CNG,2136,98.14,43802,4.88
TRIPURA,2022,CNG,3053,42.93,49516,6.17
TRIPURA,2023,CNG,2989,-2.1,52405,5.7
TRIPURA,2024,CNG,4224,41.32,57189,7.39
TRIPURA,2020,DIESEL,2907,0,11521,25.23
TRIPURA,2021,DIESEL,2361,-18.78,43802,5.39
TRIPURA,2022,DIESEL,2939,24.48,49516,5.94
TRIPURA,2023,DIESEL,2683,-8.71,52405,5.12
TRIPURA,2024,DIESEL,3065,14.24,57189,5.36
TRIPURA,2020,EV,3421,0,11521,29.69
TRIPURA,2021,EV,2434,-28.85,43802,5.56
TRIPURA,2022,EV,4178,71.65,49516,8.44
TRIPURA,2023,EV,6312,51.08,52405,12.04
TRIPURA,2024,EV,9250,46.55,57189,16.17
TRIPURA,2020,PETROL,4115,0,11521,35.72
TRIPURA,2021,PETROL,36871,796.01,43802,84.18
TRIPURA,2022,PETROL,39346,6.71,49516,79.46
TRIPURA,2023,PETROL,40421,2.73,52405,77.13
TRIPURA,2024,PETROL,40650,0.57,57189,71.08
UTTAR PRADESH,2020,CNG,6179,0,2581684,0.24
UTTAR PRADESH,2021,CNG,28831,366.6,2736888,1.05
UTTAR PRADESH,2022,CNG,47208,63.74,2924339,1.61
UTTAR PRADESH,2023,CNG,57732,22.29,3313010,1.74
UTTAR PRADESH,2024,CNG,57288,-0.77,3513436,1.63
UTTAR PRADESH,2020,DIESEL,259896,0,2581684,10.07
UTTAR PRADESH,2021,DIESEL,248941,-4.22,2736888,9.1
UTTAR PRADESH,2022,DIESEL,268146,7.71,2924339,9.17
UTTAR PRADESH,2023,DIESEL,289867,8.1,3313010,8.75
UTTAR PRADESH,2024,DIESEL,303450,4.69,3513436,8.64
UTTAR PRADESH,2020,EV,31269,0,2581684,1.21
UTTAR PRADESH,2021,EV,66709,113.34,2736888,2.44
UTTAR PRADESH,2022,EV,162883,144.17,2924339,5.57
UTTAR PRADESH,2023,EV,278339,70.88,3313010,8.4
UTTAR PRADESH,2024,EV,302701,8.75,3513436,8.62
UTTAR PRADESH,2020,PETROL,2284340,0,2581684,88.48
UTTAR PRADESH,2021,PETROL,2392407,4.73,2736888,87.41
UTTAR PRADESH,2022,PETROL,2446102,2.24,2924339,83.65
UTTAR PRADESH,2023,PETROL,2687072,9.85,3313010,81.11
UTTAR PRADESH,2024,PETROL,2849997,6.06,3513436,81.12
UTTARAKHAND,2020,CNG,152,0,183473,0.08
UTTARAKHAND,2021,CNG,1088,615.79,192772,0.56
UTTARAKHAND,2022,CNG,1338,22.98,225910,0.59
UTTARAKHAND,2023,CNG,2607,94.84,247343,1.05
UTTARAKHAND,2024,CNG,1354,-48.06,263945,0.51
UTTARAKHAND,2020,DIESEL,16289,0,183473,8.88
UTTARAKHAND,2021,DIESEL,16897,3.73,192772,8.77
UTTARAKHAND,2022,DIESEL,20183,19.45,225910,8.93
UTTARAKHAND,2023,DIESEL,22081,9.4,247343,8.93
UTTARAKHAND,2024,DIESEL,23105,4.64,263945,8.75
UTTARAKHAND,2020,EV,2394,0,183473,1.3
UTTARAKHAND,2021,EV,5322,122.31,192772,2.76
UTTARAKHAND,2022,EV,15560,192.37,225910,6.89
UTTARAKHAND,2023,EV,16796,7.94,247343,6.79
UTTARAKHAND,2024,EV,15372,-8.48,263945,5.82
UTTARAKHAND,2020,PETROL,164638,0,183473,89.73
UTTARAKHAND,2021,PETROL,169465,2.93,192772,87.91
UTTARAKHAND,2022,PETROL,188829,11.43,225910,83.59
UTTARAKHAND,2023,PETROL,205859,9.02,247343,83.23
UTTARAKHAND,2024,PETROL,224114,8.87,263945,84.91
WEST BENGAL,2020,CNG,58,0,1046755,0.01
WEST BENGAL,2021,CNG,230,296.55,944736,0.02
WEST BENGAL,2022,CNG,281,22.17,960745,0.03
WEST BENGAL,2023,CNG,605,115.3,946781,0.06
WEST BENGAL,2024,CNG,1664,175.04,70535,2.36
WEST BENGAL,2020,DIESEL,65215,0,1046755,6.23
WEST BENGAL,2021,DIESEL,60177,-7.73,944736,6.37
WEST BENGAL,2022,DIESEL,69671,15.78,960745,7.25
WEST BENGAL,2023,DIESEL,64006,-8.13,946781,6.76
WEST BENGAL,2024,DIESEL,68871,7.6,70535,97.64
WEST BENGAL,2020,EV,10081,0,1046755,0.96
WEST BENGAL,2021,EV,6408,-36.43,944736,0.68
WEST BENGAL,2022,EV,11153,74.05,960745,1.16
WEST BENGAL,2023,EV,21431,92.15,946781,2.26
WEST BRNGAL,2024,EV,34919,-95.94,1000250,3.49
WEST BENGAL,2020,PETROL,971401,0,1046755,92.8
WEST BENGAL,2021,PETROL,877921,-9.62,944736,92.93
WEST BENGAL,2022,PETROL,879640,0.2,960745,91.56
WEST BENGAL,2023,PETROL,860739,-2.15,946781,90.91
WEST BRNGAL,2024,PETROL,965331,2664.49,1000250,96.51
